{
  "version": 1,
  "author": "João Victor",
  "editor": "wokwi",
  "parts": [
    { "type": "board-esp32-devkit-c-v4", "id": "esp", "top": -48, "left": 52.84, "attrs": {} },
    { "type": "wokwi-dht22", "id": "dht", "top": -201.3, "left": 196.2, "attrs": {} },
    {
      "type": "wokwi-hc-sr04",
      "id": "ultra",
      "top": 298.1,
      "left": -21.9,
      "rotate": 90,
      "attrs": {}
    },
    {
      "type": "wokwi-pushbutton",
      "id": "btn",
      "top": 63.8,
      "left": -153.6,
      "attrs": { "color": "green" }
    },
    {
      "type": "wokwi-led",
      "id": "led",
      "top": 15.6,
      "left": 387.8,
      "attrs": { "color": "yellow" }
    },
    {
      "type": "wokwi-resistor",
      "id": "r1",
      "top": 90.35,
      "left": 259.2,
      "attrs": { "value": "220" }
    },
    {
      "type": "wokwi-resistor",
      "id": "r2",
      "top": 138.35,
      "left": 249.6,
      "attrs": { "value": "130" }
    },
    {
      "type": "wokwi-led",
      "id": "led1",
      "top": 121.2,
      "left": 378.2,
      "attrs": { "color": "red" }
    },
    {
      "type": "wokwi-led",
      "id": "led2",
      "top": 226.8,
      "left": 387.8,
      "attrs": { "color": "green" }
    },
    {
      "type": "wokwi-resistor",
      "id": "r3",
      "top": 234.35,
      "left": 240,
      "attrs": { "value": "220" }
    }
  ],
  "connections": [
    [ "esp:TX", "$serialMonitor:RX", "", [] ],
    [ "esp:RX", "$serialMonitor:TX", "", [] ],
    [ "dht:VCC", "esp:3V3", "red", [ "v30", "h-180" ] ],
    [ "dht:SDA", "esp:23", "green", [ "v20", "h-180" ] ],
    [ "ultra:VCC", "esp:5V", "red", [ "v-40", "h-120", "v-70" ] ],
    [ "ultra:TRIG", "esp:32", "green", [ "v-30", "h-80", "v-40" ] ],
    [ "ultra:ECHO", "esp:35", "green", [ "v-20", "h-60", "v-40" ] ],
    [ "r1:2", "led:A", "green", [ "v-40", "h40" ] ],
    [ "esp:GND.2", "led:C", "black", [ "v0", "h192", "v67.2" ] ],
    [ "ultra:GND", "esp:GND.1", "black", [ "h-25.2", "v-255.8", "h9.6" ] ],
    [ "dht:GND", "esp:GND.2", "black", [ "v76.8", "h-76.8", "v-19.2" ] ],
    [ "btn:2.r", "esp:GND.1", "green", [ "h0" ] ],
    [ "btn:1.r", "esp:27", "green", [ "v0" ] ],
    [ "esp:16", "r2:1", "green", [ "h38.4", "v48", "h9.6" ] ],
    [ "r2:2", "led1:A", "green", [ "v38.4", "h104.4" ] ],
    [ "esp:GND.2", "led1:C", "black", [ "v38.4", "h134.4", "v67.2", "h67.2", "v67.2" ] ],
    [ "r1:1", "esp:17", "green", [ "v0" ] ],
    [ "esp:4", "r3:1", "green", [ "h28.8", "v144" ] ],
    [ "r3:2", "led2:A", "green", [ "v38.4", "h56.4" ] ],
    [ "esp:GND.2", "led2:C", "black", [ "v19.2", "h67.2", "v211.2", "h134.4", "v48" ] ]
  ],
  "dependencies": {}
}